{"0.2": {"mean": {"train": {"f1-micro-spanlevel": 0.9031676686055506, "seqeval-f1": 0.892705029906676}, "dev": {"f1-micro-spanlevel": 0.7205541021389509, "seqeval-f1": 0.700173673258838}, "test": {"f1-micro-spanlevel": 0.6709166665484704, "seqeval-f1": 0.6460679575583659}}, "std": {"train": {"f1-micro-spanlevel": 0.006922901432510239, "seqeval-f1": 0.008221211416917026}, "dev": {"f1-micro-spanlevel": 0.002043087060800117, "seqeval-f1": 0.0013870877613502992}, "test": {"f1-micro-spanlevel": 0.0026429639135000897, "seqeval-f1": 0.0027280300081340015}}}}