{"0.2": [{"train": {"f1-micro-spanlevel": 0.9128338479874315, "seqeval-f1": 0.9042632759910247}, "dev": {"f1-micro-spanlevel": 0.7179545713959593, "seqeval-f1": 0.6994824358550821}, "test": {"f1-micro-spanlevel": 0.6746337259408216, "seqeval-f1": 0.6498388242364639}}, {"train": {"f1-micro-spanlevel": 0.8969878872333582, "seqeval-f1": 0.8858360966366652}, "dev": {"f1-micro-spanlevel": 0.7229461756373937, "seqeval-f1": 0.7021091541639487}, "test": {"f1-micro-spanlevel": 0.6693979742801867, "seqeval-f1": 0.6448886721924264}}, {"train": {"f1-micro-spanlevel": 0.8996812705958619, "seqeval-f1": 0.8880157170923378}, "dev": {"f1-micro-spanlevel": 0.7207615593834995, "seqeval-f1": 0.6989294297574831}, "test": {"f1-micro-spanlevel": 0.6687182994244031, "seqeval-f1": 0.6434763762462072}}]}