{"0.2": [{"train": {"f1-micro-spanlevel": 0.9093766369827134, "seqeval-f1": 0.9093861303163628}, "dev": {"f1-micro-spanlevel": 0.763911399243652, "seqeval-f1": 0.7636206710540513}, "test": {"f1-micro-spanlevel": 0.7100899533976373, "seqeval-f1": 0.7095900796014513}}, {"train": {"f1-micro-spanlevel": 0.920002087355842, "seqeval-f1": 0.9201628052598622}, "dev": {"f1-micro-spanlevel": 0.7620099392600773, "seqeval-f1": 0.7615579830078341}, "test": {"f1-micro-spanlevel": 0.7174288419762713, "seqeval-f1": 0.7169895346248051}}, {"train": {"f1-micro-spanlevel": 0.9073664242807461, "seqeval-f1": 0.9073283810125916}, "dev": {"f1-micro-spanlevel": 0.7583168098700155, "seqeval-f1": 0.7578692493946733}, "test": {"f1-micro-spanlevel": 0.7154283192674722, "seqeval-f1": 0.7148288973384032}}]}