{"0.2": {"mean": {"train": {"f1-micro-spanlevel": 0.9122483828731006, "seqeval-f1": 0.9122924388629388}, "dev": {"f1-micro-spanlevel": 0.7614127161245815, "seqeval-f1": 0.761015967818853}, "test": {"f1-micro-spanlevel": 0.7143157048804603, "seqeval-f1": 0.7138028371882198}}, "std": {"train": {"f1-micro-spanlevel": 0.0055437766117242835, "seqeval-f1": 0.0056282373478533645}, "dev": {"f1-micro-spanlevel": 0.00232269443679537, "seqeval-f1": 0.00237908219345268}, "test": {"f1-micro-spanlevel": 0.003097660888804203, "seqeval-f1": 0.0031067220919059457}}}}