{"0.2": [{"train": {"f1-micro-spanlevel": 0.8865879307555411, "seqeval-f1": 0.8866479723899913}, "dev": {"f1-micro-spanlevel": 0.6724217311233887, "seqeval-f1": 0.672415775554789}, "test": {"f1-micro-spanlevel": 0.6221402639313087, "seqeval-f1": 0.6221556541275419}}, {"train": {"f1-micro-spanlevel": 0.8826100863631516, "seqeval-f1": 0.88272921108742}, "dev": {"f1-micro-spanlevel": 0.6673584688112533, "seqeval-f1": 0.6672813184280281}, "test": {"f1-micro-spanlevel": 0.6225609052072509, "seqeval-f1": 0.6223989855323073}}, {"train": {"f1-micro-spanlevel": 0.8845203566441079, "seqeval-f1": 0.8845802674687147}, "dev": {"f1-micro-spanlevel": 0.6689952264524393, "seqeval-f1": 0.6691484411354118}, "test": {"f1-micro-spanlevel": 0.6206697459584296, "seqeval-f1": 0.6209165416137598}}]}