{"0.2": {"mean": {"train": {"f1-micro-spanlevel": 0.8845727912542669, "seqeval-f1": 0.8846524836487086}, "dev": {"f1-micro-spanlevel": 0.6695918087956937, "seqeval-f1": 0.669615178372743}, "test": {"f1-micro-spanlevel": 0.6217903050323298, "seqeval-f1": 0.6218237270912029}}, "std": {"train": {"f1-micro-spanlevel": 0.001624371374567808, "seqeval-f1": 0.0016006423542070558}, "dev": {"f1-micro-spanlevel": 0.002109674410832928, "seqeval-f1": 0.002121955895421371}, "test": {"f1-micro-spanlevel": 0.0008107503723224722, "seqeval-f1": 0.0006491233375351842}}}}