{"0.2": [{"train": {"f1-micro-spanlevel": 0.9111452973317066, "seqeval-f1": 0.9110969658391682}, "dev": {"f1-micro-spanlevel": 0.7638269402319359, "seqeval-f1": 0.763847096846094}, "test": {"f1-micro-spanlevel": 0.7219615728328865, "seqeval-f1": 0.721710489588567}}, {"train": {"f1-micro-spanlevel": 0.9031554909694831, "seqeval-f1": 0.9031554909694831}, "dev": {"f1-micro-spanlevel": 0.7559452054794521, "seqeval-f1": 0.7557795551659909}, "test": {"f1-micro-spanlevel": 0.7164902998236331, "seqeval-f1": 0.7162847069193478}}, {"train": {"f1-micro-spanlevel": 0.8802687522964674, "seqeval-f1": 0.8806087641039098}, "dev": {"f1-micro-spanlevel": 0.7533435650076736, "seqeval-f1": 0.7530674846625768}, "test": {"f1-micro-spanlevel": 0.7153485808762745, "seqeval-f1": 0.7151121150349843}}]}