{"0.2": {"mean": {"train": {"f1-micro-spanlevel": 0.8981898468658857, "seqeval-f1": 0.8982870736375204}, "dev": {"f1-micro-spanlevel": 0.7577052369063538, "seqeval-f1": 0.7575647122248873}, "test": {"f1-micro-spanlevel": 0.7179334845109313, "seqeval-f1": 0.7177024371809663}}, "std": {"train": {"f1-micro-spanlevel": 0.013085194543222814, "seqeval-f1": 0.012914042144143474}, "dev": {"f1-micro-spanlevel": 0.004457097111419063, "seqeval-f1": 0.004578216464989654}, "test": {"f1-micro-spanlevel": 0.002886174190376481, "seqeval-f1": 0.0028742658202717602}}}}